x_dot,y_dot,base_dot
1,2.177279744,B1
2,2.040963623,B1
3,1.189776774,B1
5,0.235929432,B1
7,0.01306809,B1
10,0.035032889,B1
20,0.035088042,B1
30,0.035088042,B1
50,0.035088042,B1
70,0.035088042,B1
100,0.035088042,B1
200,0.035088042,B1
300,0.035088042,B1
1,1.239411089,B2
2,1.988657275,B2
3,2.302415126,B2
5,1.30276439,B2
7,4.80E-01,B2
10,0.055201746,B2
20,0.002082109,B2
30,0.002082153,B2
50,0.002082153,B2
70,0.002082153,B2
100,0.002082153,B2
200,0.002082153,B2
300,0.002082153,B2
1,1.003991362,B3
2,1.193040732,B3
3,1.77227457,B3
5,2.217399374,B3
7,1.327040831,B3
10,3.85E-01,B3
20,1.46E-04,B3
30,1.15E-04,B3
50,1.15E-04,B3
70,1.15E-04,B3
100,1.15E-04,B3
200,1.15E-04,B3
300,1.15E-04,B3
1,1.00000761,B4
2,1.002913152,B4
3,1.065562383,B4
5,1.743274667,B4
7,2.288093123,B4
10,1.59E+00,B4
20,4.68E-02,B4
30,1.87E-05,B4
50,2.17E-07,B4
70,2.17E-07,B4
100,2.17E-07,B4
200,2.17E-07,B4
300,2.17E-07,B4
1,1,B5
2,1.000000064,B5
3,1.000030327,B5
5,1.020833308,B5
7,1.30153113,B5
10,2.133302586,B5
20,7.00E-01,B5
30,4.07E-02,B5
50,4.69E-07,B5
70,1.84E-09,B5
100,1.84E-09,B5
200,1.84E-09,B5
300,1.84E-09,B5
4,10.76108308,B1Conv
5,1.360305233,B1Conv
6,0.185208002,B1Conv
7,0.038320848,B1Conv
8,0.019959953,B1Conv
9,0.017664842,B1Conv
10,0.017377953,B1Conv
11,0.017342092,B1Conv
12,0.017337609,B1Conv
13,0.017337049,B1Conv
14,0.017336979,B1Conv
15,0.01733697,B1Conv
16,0.017336969,B1Conv
17,0.017336969,B1Conv
18,0.017336969,B1Conv
19,0.017336969,B1Conv
20,0.017336969,B1Conv
21,0.017336969,B1Conv
22,0.017336969,B1Conv
23,0.017336969,B1Conv
24,0.017336969,B1Conv
25,0.017336969,B1Conv
26,0.017336969,B1Conv
27,0.017336969,B1Conv
28,0.017336969,B1Conv
29,0.017336969,B1Conv
30,0.017336969,B1Conv
31,0.017336969,B1Conv
32,0.017336969,B1Conv
33,0.017336969,B1Conv
34,0.017336969,B1Conv
35,0.017336969,B1Conv
36,0.017336969,B1Conv
37,0.017336969,B1Conv
38,0.017336969,B1Conv
39,0.017336969,B1Conv
40,0.017336969,B1Conv
41,0.017336969,B1Conv
42,0.017336969,B1Conv
43,0.017336969,B1Conv
44,0.017336969,B1Conv
45,0.017336969,B1Conv
46,0.017336969,B1Conv
47,0.017336969,B1Conv
48,0.017336969,B1Conv
49,0.017336969,B1Conv
50,0.017336969,B1Conv
51,0.017336969,B1Conv
52,0.017336969,B1Conv
53,0.017336969,B1Conv
54,0.017336969,B1Conv
55,0.017336969,B1Conv
56,0.017336969,B1Conv
57,0.017336969,B1Conv
58,0.017336969,B1Conv
59,0.017336969,B1Conv
60,0.017336969,B1Conv
61,0.017336969,B1Conv
62,0.017336969,B1Conv
63,0.017336969,B1Conv
64,0.017336969,B1Conv
65,0.017336969,B1Conv
66,0.017336969,B1Conv
67,0.017336969,B1Conv
68,0.017336969,B1Conv
69,0.017336969,B1Conv
70,0.017336969,B1Conv
71,0.017336969,B1Conv
72,0.017336969,B1Conv
73,0.017336969,B1Conv
74,0.017336969,B1Conv
75,0.017336969,B1Conv
76,0.017336969,B1Conv
77,0.017336969,B1Conv
78,0.017336969,B1Conv
79,0.017336969,B1Conv
80,0.017336969,B1Conv
81,0.017336969,B1Conv
82,0.017336969,B1Conv
83,0.017336969,B1Conv
84,0.017336969,B1Conv
85,0.017336969,B1Conv
86,0.017336969,B1Conv
87,0.017336969,B1Conv
88,0.017336969,B1Conv
89,0.017336969,B1Conv
90,0.017336969,B1Conv
91,0.017336969,B1Conv
92,0.017336969,B1Conv
93,0.017336969,B1Conv
94,0.017336969,B1Conv
95,0.017336969,B1Conv
96,0.017336969,B1Conv
97,0.017336969,B1Conv
98,0.017336969,B1Conv
99,0.017336969,B1Conv
100,0.017336969,B1Conv
101,0.017336969,B1Conv
102,0.017336969,B1Conv
103,0.017336969,B1Conv
104,0.017336969,B1Conv
105,0.017336969,B1Conv
106,0.017336969,B1Conv
107,0.017336969,B1Conv
108,0.017336969,B1Conv
109,0.017336969,B1Conv
110,0.017336969,B1Conv
111,0.017336969,B1Conv
112,0.017336969,B1Conv
113,0.017336969,B1Conv
114,0.017336969,B1Conv
115,0.017336969,B1Conv
116,0.017336969,B1Conv
117,0.017336969,B1Conv
118,0.017336969,B1Conv
119,0.017336969,B1Conv
120,0.017336969,B1Conv
121,0.017336969,B1Conv
122,0.017336969,B1Conv
123,0.017336969,B1Conv
124,0.017336969,B1Conv
125,0.017336969,B1Conv
126,0.017336969,B1Conv
127,0.017336969,B1Conv
128,0.017336969,B1Conv
129,0.017336969,B1Conv
130,0.017336969,B1Conv
131,0.017336969,B1Conv
132,0.017336969,B1Conv
133,0.017336969,B1Conv
134,0.017336969,B1Conv
135,0.017336969,B1Conv
136,0.017336969,B1Conv
137,0.017336969,B1Conv
138,0.017336969,B1Conv
139,0.017336969,B1Conv
140,0.017336969,B1Conv
141,0.017336969,B1Conv
142,0.017336969,B1Conv
143,0.017336969,B1Conv
144,0.017336969,B1Conv
145,0.017336969,B1Conv
146,0.017336969,B1Conv
147,0.017336969,B1Conv
148,0.017336969,B1Conv
149,0.017336969,B1Conv
150,0.017336969,B1Conv
151,0.017336969,B1Conv
152,0.017336969,B1Conv
153,0.017336969,B1Conv
154,0.017336969,B1Conv
155,0.017336969,B1Conv
156,0.017336969,B1Conv
157,0.017336969,B1Conv
158,0.017336969,B1Conv
159,0.017336969,B1Conv
160,0.017336969,B1Conv
161,0.017336969,B1Conv
162,0.017336969,B1Conv
163,0.017336969,B1Conv
164,0.017336969,B1Conv
165,0.017336969,B1Conv
166,0.017336969,B1Conv
167,0.017336969,B1Conv
168,0.017336969,B1Conv
169,0.017336969,B1Conv
170,0.017336969,B1Conv
171,0.017336969,B1Conv
172,0.017336969,B1Conv
173,0.017336969,B1Conv
174,0.017336969,B1Conv
175,0.017336969,B1Conv
176,0.017336969,B1Conv
177,0.017336969,B1Conv
178,0.017336969,B1Conv
179,0.017336969,B1Conv
180,0.017336969,B1Conv
181,0.017336969,B1Conv
182,0.017336969,B1Conv
183,0.017336969,B1Conv
184,0.017336969,B1Conv
185,0.017336969,B1Conv
186,0.017336969,B1Conv
187,0.017336969,B1Conv
188,0.017336969,B1Conv
189,0.017336969,B1Conv
190,0.017336969,B1Conv
191,0.017336969,B1Conv
192,0.017336969,B1Conv
193,0.017336969,B1Conv
194,0.017336969,B1Conv
195,0.017336969,B1Conv
196,0.017336969,B1Conv
197,0.017336969,B1Conv
198,0.017336969,B1Conv
199,0.017336969,B1Conv
200,0.017336969,B1Conv
201,0.017336969,B1Conv
202,0.017336969,B1Conv
203,0.017336969,B1Conv
204,0.017336969,B1Conv
205,0.017336969,B1Conv
206,0.017336969,B1Conv
207,0.017336969,B1Conv
208,0.017336969,B1Conv
209,0.017336969,B1Conv
210,0.017336969,B1Conv
211,0.017336969,B1Conv
212,0.017336969,B1Conv
213,0.017336969,B1Conv
214,0.017336969,B1Conv
215,0.017336969,B1Conv
216,0.017336969,B1Conv
217,0.017336969,B1Conv
218,0.017336969,B1Conv
219,0.017336969,B1Conv
220,0.017336969,B1Conv
221,0.017336969,B1Conv
222,0.017336969,B1Conv
223,0.017336969,B1Conv
224,0.017336969,B1Conv
225,0.017336969,B1Conv
226,0.017336969,B1Conv
227,0.017336969,B1Conv
228,0.017336969,B1Conv
229,0.017336969,B1Conv
230,0.017336969,B1Conv
231,0.017336969,B1Conv
232,0.017336969,B1Conv
233,0.017336969,B1Conv
234,0.017336969,B1Conv
235,0.017336969,B1Conv
236,0.017336969,B1Conv
237,0.017336969,B1Conv
238,0.017336969,B1Conv
239,0.017336969,B1Conv
240,0.017336969,B1Conv
241,0.017336969,B1Conv
242,0.017336969,B1Conv
243,0.017336969,B1Conv
244,0.017336969,B1Conv
245,0.017336969,B1Conv
246,0.017336969,B1Conv
247,0.017336969,B1Conv
248,0.017336969,B1Conv
249,0.017336969,B1Conv
250,0.017336969,B1Conv
251,0.017336969,B1Conv
252,0.017336969,B1Conv
253,0.017336969,B1Conv
254,0.017336969,B1Conv
255,0.017336969,B1Conv
256,0.017336969,B1Conv
257,0.017336969,B1Conv
258,0.017336969,B1Conv
259,0.017336969,B1Conv
260,0.017336969,B1Conv
261,0.017336969,B1Conv
262,0.017336969,B1Conv
263,0.017336969,B1Conv
264,0.017336969,B1Conv
265,0.017336969,B1Conv
266,0.017336969,B1Conv
267,0.017336969,B1Conv
268,0.017336969,B1Conv
269,0.017336969,B1Conv
270,0.017336969,B1Conv
271,0.017336969,B1Conv
272,0.017336969,B1Conv
273,0.017336969,B1Conv
274,0.017336969,B1Conv
275,0.017336969,B1Conv
276,0.017336969,B1Conv
277,0.017336969,B1Conv
278,0.017336969,B1Conv
279,0.017336969,B1Conv
280,0.017336969,B1Conv
281,0.017336969,B1Conv
282,0.017336969,B1Conv
283,0.017336969,B1Conv
284,0.017336969,B1Conv
285,0.017336969,B1Conv
286,0.017336969,B1Conv
287,0.017336969,B1Conv
288,0.017336969,B1Conv
289,0.017336969,B1Conv
290,0.017336969,B1Conv
291,0.017336969,B1Conv
292,0.017336969,B1Conv
293,0.017336969,B1Conv
294,0.017336969,B1Conv
295,0.017336969,B1Conv
296,0.017336969,B1Conv
297,0.017336969,B1Conv
298,0.017336969,B1Conv
299,0.017336969,B1Conv
300,0.017336969,B1Conv
6,10.35331941,B2Conv
7,2.392812252,B2Conv
8,0.553886871,B2Conv
9,0.129083967,B2Conv
10,0.030951923,B2Conv
11,0.008282826,B2Conv
12,0.003046128,B2Conv
13,0.001836418,B2Conv
14,0.001556968,B2Conv
15,0.001492414,B2Conv
16,0.001477501,B2Conv
17,0.001474056,B2Conv
18,0.00147326,B2Conv
19,0.001473077,B2Conv
20,0.001473034,B2Conv
21,0.001473024,B2Conv
22,0.001473022,B2Conv
23,0.001473021,B2Conv
24,0.001473021,B2Conv
25,0.001473021,B2Conv
26,0.001473021,B2Conv
27,0.001473021,B2Conv
28,0.001473021,B2Conv
29,0.001473021,B2Conv
30,0.001473021,B2Conv
31,0.001473021,B2Conv
32,0.001473021,B2Conv
33,0.001473021,B2Conv
34,0.001473021,B2Conv
35,0.001473021,B2Conv
36,0.001473021,B2Conv
37,0.001473021,B2Conv
38,0.001473021,B2Conv
39,0.001473021,B2Conv
40,0.001473021,B2Conv
41,0.001473021,B2Conv
42,0.001473021,B2Conv
43,0.001473021,B2Conv
44,0.001473021,B2Conv
45,0.001473021,B2Conv
46,0.001473021,B2Conv
47,0.001473021,B2Conv
48,0.001473021,B2Conv
49,0.001473021,B2Conv
50,0.001473021,B2Conv
51,0.001473021,B2Conv
52,0.001473021,B2Conv
53,0.001473021,B2Conv
54,0.001473021,B2Conv
55,0.001473021,B2Conv
56,0.001473021,B2Conv
57,0.001473021,B2Conv
58,0.001473021,B2Conv
59,0.001473021,B2Conv
60,0.001473021,B2Conv
61,0.001473021,B2Conv
62,0.001473021,B2Conv
63,0.001473021,B2Conv
64,0.001473021,B2Conv
65,0.001473021,B2Conv
66,0.001473021,B2Conv
67,0.001473021,B2Conv
68,0.001473021,B2Conv
69,0.001473021,B2Conv
70,0.001473021,B2Conv
71,0.001473021,B2Conv
72,0.001473021,B2Conv
73,0.001473021,B2Conv
74,0.001473021,B2Conv
75,0.001473021,B2Conv
76,0.001473021,B2Conv
77,0.001473021,B2Conv
78,0.001473021,B2Conv
79,0.001473021,B2Conv
80,0.001473021,B2Conv
81,0.001473021,B2Conv
82,0.001473021,B2Conv
83,0.001473021,B2Conv
84,0.001473021,B2Conv
85,0.001473021,B2Conv
86,0.001473021,B2Conv
87,0.001473021,B2Conv
88,0.001473021,B2Conv
89,0.001473021,B2Conv
90,0.001473021,B2Conv
91,0.001473021,B2Conv
92,0.001473021,B2Conv
93,0.001473021,B2Conv
94,0.001473021,B2Conv
95,0.001473021,B2Conv
96,0.001473021,B2Conv
97,0.001473021,B2Conv
98,0.001473021,B2Conv
99,0.001473021,B2Conv
100,0.001473021,B2Conv
101,0.001473021,B2Conv
102,0.001473021,B2Conv
103,0.001473021,B2Conv
104,0.001473021,B2Conv
105,0.001473021,B2Conv
106,0.001473021,B2Conv
107,0.001473021,B2Conv
108,0.001473021,B2Conv
109,0.001473021,B2Conv
110,0.001473021,B2Conv
111,0.001473021,B2Conv
112,0.001473021,B2Conv
113,0.001473021,B2Conv
114,0.001473021,B2Conv
115,0.001473021,B2Conv
116,0.001473021,B2Conv
117,0.001473021,B2Conv
118,0.001473021,B2Conv
119,0.001473021,B2Conv
120,0.001473021,B2Conv
121,0.001473021,B2Conv
122,0.001473021,B2Conv
123,0.001473021,B2Conv
124,0.001473021,B2Conv
125,0.001473021,B2Conv
126,0.001473021,B2Conv
127,0.001473021,B2Conv
128,0.001473021,B2Conv
129,0.001473021,B2Conv
130,0.001473021,B2Conv
131,0.001473021,B2Conv
132,0.001473021,B2Conv
133,0.001473021,B2Conv
134,0.001473021,B2Conv
135,0.001473021,B2Conv
136,0.001473021,B2Conv
137,0.001473021,B2Conv
138,0.001473021,B2Conv
139,0.001473021,B2Conv
140,0.001473021,B2Conv
141,0.001473021,B2Conv
142,0.001473021,B2Conv
143,0.001473021,B2Conv
144,0.001473021,B2Conv
145,0.001473021,B2Conv
146,0.001473021,B2Conv
147,0.001473021,B2Conv
148,0.001473021,B2Conv
149,0.001473021,B2Conv
150,0.001473021,B2Conv
151,0.001473021,B2Conv
152,0.001473021,B2Conv
153,0.001473021,B2Conv
154,0.001473021,B2Conv
155,0.001473021,B2Conv
156,0.001473021,B2Conv
157,0.001473021,B2Conv
158,0.001473021,B2Conv
159,0.001473021,B2Conv
160,0.001473021,B2Conv
161,0.001473021,B2Conv
162,0.001473021,B2Conv
163,0.001473021,B2Conv
164,0.001473021,B2Conv
165,0.001473021,B2Conv
166,0.001473021,B2Conv
167,0.001473021,B2Conv
168,0.001473021,B2Conv
169,0.001473021,B2Conv
170,0.001473021,B2Conv
171,0.001473021,B2Conv
172,0.001473021,B2Conv
173,0.001473021,B2Conv
174,0.001473021,B2Conv
175,0.001473021,B2Conv
176,0.001473021,B2Conv
177,0.001473021,B2Conv
178,0.001473021,B2Conv
179,0.001473021,B2Conv
180,0.001473021,B2Conv
181,0.001473021,B2Conv
182,0.001473021,B2Conv
183,0.001473021,B2Conv
184,0.001473021,B2Conv
185,0.001473021,B2Conv
186,0.001473021,B2Conv
187,0.001473021,B2Conv
188,0.001473021,B2Conv
189,0.001473021,B2Conv
190,0.001473021,B2Conv
191,0.001473021,B2Conv
192,0.001473021,B2Conv
193,0.001473021,B2Conv
194,0.001473021,B2Conv
195,0.001473021,B2Conv
196,0.001473021,B2Conv
197,0.001473021,B2Conv
198,0.001473021,B2Conv
199,0.001473021,B2Conv
200,0.001473021,B2Conv
201,0.001473021,B2Conv
202,0.001473021,B2Conv
203,0.001473021,B2Conv
204,0.001473021,B2Conv
205,0.001473021,B2Conv
206,0.001473021,B2Conv
207,0.001473021,B2Conv
208,0.001473021,B2Conv
209,0.001473021,B2Conv
210,0.001473021,B2Conv
211,0.001473021,B2Conv
212,0.001473021,B2Conv
213,0.001473021,B2Conv
214,0.001473021,B2Conv
215,0.001473021,B2Conv
216,0.001473021,B2Conv
217,0.001473021,B2Conv
218,0.001473021,B2Conv
219,0.001473021,B2Conv
220,0.001473021,B2Conv
221,0.001473021,B2Conv
222,0.001473021,B2Conv
223,0.001473021,B2Conv
224,0.001473021,B2Conv
225,0.001473021,B2Conv
226,0.001473021,B2Conv
227,0.001473021,B2Conv
228,0.001473021,B2Conv
229,0.001473021,B2Conv
230,0.001473021,B2Conv
231,0.001473021,B2Conv
232,0.001473021,B2Conv
233,0.001473021,B2Conv
234,0.001473021,B2Conv
235,0.001473021,B2Conv
236,0.001473021,B2Conv
237,0.001473021,B2Conv
238,0.001473021,B2Conv
239,0.001473021,B2Conv
240,0.001473021,B2Conv
241,0.001473021,B2Conv
242,0.001473021,B2Conv
243,0.001473021,B2Conv
244,0.001473021,B2Conv
245,0.001473021,B2Conv
246,0.001473021,B2Conv
247,0.001473021,B2Conv
248,0.001473021,B2Conv
249,0.001473021,B2Conv
250,0.001473021,B2Conv
251,0.001473021,B2Conv
252,0.001473021,B2Conv
253,0.001473021,B2Conv
254,0.001473021,B2Conv
255,0.001473021,B2Conv
256,0.001473021,B2Conv
257,0.001473021,B2Conv
258,0.001473021,B2Conv
259,0.001473021,B2Conv
260,0.001473021,B2Conv
261,0.001473021,B2Conv
262,0.001473021,B2Conv
263,0.001473021,B2Conv
264,0.001473021,B2Conv
265,0.001473021,B2Conv
266,0.001473021,B2Conv
267,0.001473021,B2Conv
268,0.001473021,B2Conv
269,0.001473021,B2Conv
270,0.001473021,B2Conv
271,0.001473021,B2Conv
272,0.001473021,B2Conv
273,0.001473021,B2Conv
274,0.001473021,B2Conv
275,0.001473021,B2Conv
276,0.001473021,B2Conv
277,0.001473021,B2Conv
278,0.001473021,B2Conv
279,0.001473021,B2Conv
280,0.001473021,B2Conv
281,0.001473021,B2Conv
282,0.001473021,B2Conv
283,0.001473021,B2Conv
284,0.001473021,B2Conv
285,0.001473021,B2Conv
286,0.001473021,B2Conv
287,0.001473021,B2Conv
288,0.001473021,B2Conv
289,0.001473021,B2Conv
290,0.001473021,B2Conv
291,0.001473021,B2Conv
292,0.001473021,B2Conv
293,0.001473021,B2Conv
294,0.001473021,B2Conv
295,0.001473021,B2Conv
296,0.001473021,B2Conv
297,0.001473021,B2Conv
298,0.001473021,B2Conv
299,0.001473021,B2Conv
300,0.001473021,B2Conv
8,7.050664566,B3Conv
9,2.14E+00,B3Conv
10,6.50E-01,B3Conv
11,1.98E-01,B3Conv
12,6.01E-02,B3Conv
13,1.84E-02,B3Conv
14,5.71E-03,B3Conv
15,1.87E-03,B3Conv
16,6.99E-04,B3Conv
17,3.45E-04,B3Conv
18,2.37E-04,B3Conv
19,2.04E-04,B3Conv
20,1.94E-04,B3Conv
21,1.91E-04,B3Conv
22,1.90E-04,B3Conv
23,1.90E-04,B3Conv
24,1.90E-04,B3Conv
25,1.90E-04,B3Conv
26,1.90E-04,B3Conv
27,1.90E-04,B3Conv
28,1.90E-04,B3Conv
29,1.90E-04,B3Conv
30,1.90E-04,B3Conv
31,1.90E-04,B3Conv
32,1.90E-04,B3Conv
33,1.90E-04,B3Conv
34,1.90E-04,B3Conv
35,1.90E-04,B3Conv
36,1.90E-04,B3Conv
37,1.90E-04,B3Conv
38,1.90E-04,B3Conv
39,1.90E-04,B3Conv
40,1.90E-04,B3Conv
41,1.90E-04,B3Conv
42,1.90E-04,B3Conv
43,1.90E-04,B3Conv
44,1.90E-04,B3Conv
45,1.90E-04,B3Conv
46,1.90E-04,B3Conv
47,1.90E-04,B3Conv
48,1.90E-04,B3Conv
49,1.90E-04,B3Conv
50,1.90E-04,B3Conv
51,1.90E-04,B3Conv
52,1.90E-04,B3Conv
53,1.90E-04,B3Conv
54,1.90E-04,B3Conv
55,1.90E-04,B3Conv
56,1.90E-04,B3Conv
57,1.90E-04,B3Conv
58,1.90E-04,B3Conv
59,1.90E-04,B3Conv
60,1.90E-04,B3Conv
61,1.90E-04,B3Conv
62,1.90E-04,B3Conv
63,1.90E-04,B3Conv
64,1.90E-04,B3Conv
65,1.90E-04,B3Conv
66,1.90E-04,B3Conv
67,1.90E-04,B3Conv
68,1.90E-04,B3Conv
69,1.90E-04,B3Conv
70,1.90E-04,B3Conv
71,1.90E-04,B3Conv
72,1.90E-04,B3Conv
73,1.90E-04,B3Conv
74,1.90E-04,B3Conv
75,1.90E-04,B3Conv
76,1.90E-04,B3Conv
77,1.90E-04,B3Conv
78,1.90E-04,B3Conv
79,1.90E-04,B3Conv
80,1.90E-04,B3Conv
81,1.90E-04,B3Conv
82,1.90E-04,B3Conv
83,1.90E-04,B3Conv
84,1.90E-04,B3Conv
85,1.90E-04,B3Conv
86,1.90E-04,B3Conv
87,1.90E-04,B3Conv
88,1.90E-04,B3Conv
89,1.90E-04,B3Conv
90,1.90E-04,B3Conv
91,1.90E-04,B3Conv
92,1.90E-04,B3Conv
93,1.90E-04,B3Conv
94,1.90E-04,B3Conv
95,1.90E-04,B3Conv
96,1.90E-04,B3Conv
97,1.90E-04,B3Conv
98,1.90E-04,B3Conv
99,1.90E-04,B3Conv
100,1.90E-04,B3Conv
101,1.90E-04,B3Conv
102,1.90E-04,B3Conv
103,1.90E-04,B3Conv
104,1.90E-04,B3Conv
105,1.90E-04,B3Conv
106,1.90E-04,B3Conv
107,1.90E-04,B3Conv
108,1.90E-04,B3Conv
109,1.90E-04,B3Conv
110,1.90E-04,B3Conv
111,1.90E-04,B3Conv
112,1.90E-04,B3Conv
113,1.90E-04,B3Conv
114,1.90E-04,B3Conv
115,1.90E-04,B3Conv
116,1.90E-04,B3Conv
117,1.90E-04,B3Conv
118,1.90E-04,B3Conv
119,1.90E-04,B3Conv
120,1.90E-04,B3Conv
121,1.90E-04,B3Conv
122,1.90E-04,B3Conv
123,1.90E-04,B3Conv
124,1.90E-04,B3Conv
125,1.90E-04,B3Conv
126,1.90E-04,B3Conv
127,1.90E-04,B3Conv
128,1.90E-04,B3Conv
129,1.90E-04,B3Conv
130,1.90E-04,B3Conv
131,1.90E-04,B3Conv
132,1.90E-04,B3Conv
133,1.90E-04,B3Conv
134,1.90E-04,B3Conv
135,1.90E-04,B3Conv
136,1.90E-04,B3Conv
137,1.90E-04,B3Conv
138,1.90E-04,B3Conv
139,1.90E-04,B3Conv
140,1.90E-04,B3Conv
141,1.90E-04,B3Conv
142,1.90E-04,B3Conv
143,1.90E-04,B3Conv
144,1.90E-04,B3Conv
145,1.90E-04,B3Conv
146,1.90E-04,B3Conv
147,1.90E-04,B3Conv
148,1.90E-04,B3Conv
149,1.90E-04,B3Conv
150,1.90E-04,B3Conv
151,1.90E-04,B3Conv
152,1.90E-04,B3Conv
153,1.90E-04,B3Conv
154,1.90E-04,B3Conv
155,1.90E-04,B3Conv
156,1.90E-04,B3Conv
157,1.90E-04,B3Conv
158,1.90E-04,B3Conv
159,1.90E-04,B3Conv
160,1.90E-04,B3Conv
161,1.90E-04,B3Conv
162,1.90E-04,B3Conv
163,1.90E-04,B3Conv
164,1.90E-04,B3Conv
165,1.90E-04,B3Conv
166,1.90E-04,B3Conv
167,1.90E-04,B3Conv
168,1.90E-04,B3Conv
169,1.90E-04,B3Conv
170,1.90E-04,B3Conv
171,1.90E-04,B3Conv
172,1.90E-04,B3Conv
173,1.90E-04,B3Conv
174,1.90E-04,B3Conv
175,1.90E-04,B3Conv
176,1.90E-04,B3Conv
177,1.90E-04,B3Conv
178,1.90E-04,B3Conv
179,1.90E-04,B3Conv
180,1.90E-04,B3Conv
181,1.90E-04,B3Conv
182,1.90E-04,B3Conv
183,1.90E-04,B3Conv
184,1.90E-04,B3Conv
185,1.90E-04,B3Conv
186,1.90E-04,B3Conv
187,1.90E-04,B3Conv
188,1.90E-04,B3Conv
189,1.90E-04,B3Conv
190,1.90E-04,B3Conv
191,1.90E-04,B3Conv
192,1.90E-04,B3Conv
193,1.90E-04,B3Conv
194,1.90E-04,B3Conv
195,1.90E-04,B3Conv
196,1.90E-04,B3Conv
197,1.90E-04,B3Conv
198,1.90E-04,B3Conv
199,1.90E-04,B3Conv
200,1.90E-04,B3Conv
201,1.90E-04,B3Conv
202,1.90E-04,B3Conv
203,1.90E-04,B3Conv
204,1.90E-04,B3Conv
205,1.90E-04,B3Conv
206,1.90E-04,B3Conv
207,1.90E-04,B3Conv
208,1.90E-04,B3Conv
209,1.90E-04,B3Conv
210,1.90E-04,B3Conv
211,1.90E-04,B3Conv
212,1.90E-04,B3Conv
213,1.90E-04,B3Conv
214,1.90E-04,B3Conv
215,1.90E-04,B3Conv
216,1.90E-04,B3Conv
217,1.90E-04,B3Conv
218,1.90E-04,B3Conv
219,1.90E-04,B3Conv
220,1.90E-04,B3Conv
221,1.90E-04,B3Conv
222,1.90E-04,B3Conv
223,1.90E-04,B3Conv
224,1.90E-04,B3Conv
225,1.90E-04,B3Conv
226,1.90E-04,B3Conv
227,1.90E-04,B3Conv
228,1.90E-04,B3Conv
229,1.90E-04,B3Conv
230,1.90E-04,B3Conv
231,1.90E-04,B3Conv
232,1.90E-04,B3Conv
233,1.90E-04,B3Conv
234,1.90E-04,B3Conv
235,1.90E-04,B3Conv
236,1.90E-04,B3Conv
237,1.90E-04,B3Conv
238,1.90E-04,B3Conv
239,1.90E-04,B3Conv
240,1.90E-04,B3Conv
241,1.90E-04,B3Conv
242,1.90E-04,B3Conv
243,1.90E-04,B3Conv
244,1.90E-04,B3Conv
245,1.90E-04,B3Conv
246,1.90E-04,B3Conv
247,1.90E-04,B3Conv
248,1.90E-04,B3Conv
249,1.90E-04,B3Conv
250,1.90E-04,B3Conv
251,1.90E-04,B3Conv
252,1.90E-04,B3Conv
253,1.90E-04,B3Conv
254,1.90E-04,B3Conv
255,1.90E-04,B3Conv
256,1.90E-04,B3Conv
257,1.90E-04,B3Conv
258,1.90E-04,B3Conv
259,1.90E-04,B3Conv
260,1.90E-04,B3Conv
261,1.90E-04,B3Conv
262,1.90E-04,B3Conv
263,1.90E-04,B3Conv
264,1.90E-04,B3Conv
265,1.90E-04,B3Conv
266,1.90E-04,B3Conv
267,1.90E-04,B3Conv
268,1.90E-04,B3Conv
269,1.90E-04,B3Conv
270,1.90E-04,B3Conv
271,1.90E-04,B3Conv
272,1.90E-04,B3Conv
273,1.90E-04,B3Conv
274,1.90E-04,B3Conv
275,1.90E-04,B3Conv
276,1.90E-04,B3Conv
277,1.90E-04,B3Conv
278,1.90E-04,B3Conv
279,1.90E-04,B3Conv
280,1.90E-04,B3Conv
281,1.90E-04,B3Conv
282,1.90E-04,B3Conv
283,1.90E-04,B3Conv
284,1.90E-04,B3Conv
285,1.90E-04,B3Conv
286,1.90E-04,B3Conv
287,1.90E-04,B3Conv
288,1.90E-04,B3Conv
289,1.90E-04,B3Conv
290,1.90E-04,B3Conv
291,1.90E-04,B3Conv
292,1.90E-04,B3Conv
293,1.90E-04,B3Conv
294,1.90E-04,B3Conv
295,1.90E-04,B3Conv
296,1.90E-04,B3Conv
297,1.90E-04,B3Conv
298,1.90E-04,B3Conv
299,1.90E-04,B3Conv
300,1.90E-04,B3Conv
11,12.53907191,B4Conv
12,5.443178459,B4Conv
13,2.36E+00,B4Conv
14,1.03E+00,B4Conv
15,4.45E-01,B4Conv
16,1.93E-01,B4Conv
17,8.39E-02,B4Conv
18,3.64E-02,B4Conv
19,1.58E-02,B4Conv
20,6.87E-03,B4Conv
21,2.98E-03,B4Conv
22,1.29E-03,B4Conv
23,5.63E-04,B4Conv
24,2.45E-04,B4Conv
25,1.07E-04,B4Conv
26,4.75E-05,B4Conv
27,2.16E-05,B4Conv
28,1.03E-05,B4Conv
29,5.37E-06,B4Conv
30,3.25E-06,B4Conv
31,2.32E-06,B4Conv
32,1.92E-06,B4Conv
33,1.75E-06,B4Conv
34,1.67E-06,B4Conv
35,1.64E-06,B4Conv
36,1.63E-06,B4Conv
37,1.62E-06,B4Conv
38,1.62E-06,B4Conv
39,1.62E-06,B4Conv
40,1.62E-06,B4Conv
41,1.62E-06,B4Conv
42,1.62E-06,B4Conv
43,1.62E-06,B4Conv
44,1.62E-06,B4Conv
45,1.62E-06,B4Conv
46,1.62E-06,B4Conv
47,1.62E-06,B4Conv
48,1.62E-06,B4Conv
49,1.62E-06,B4Conv
50,1.62E-06,B4Conv
51,1.62E-06,B4Conv
52,1.62E-06,B4Conv
53,1.62E-06,B4Conv
54,1.62E-06,B4Conv
55,1.62E-06,B4Conv
56,1.62E-06,B4Conv
57,1.62E-06,B4Conv
58,1.62E-06,B4Conv
59,1.62E-06,B4Conv
60,1.62E-06,B4Conv
61,1.62E-06,B4Conv
62,1.62E-06,B4Conv
63,1.62E-06,B4Conv
64,1.62E-06,B4Conv
65,1.62E-06,B4Conv
66,1.62E-06,B4Conv
67,1.62E-06,B4Conv
68,1.62E-06,B4Conv
69,1.62E-06,B4Conv
70,1.62E-06,B4Conv
71,1.62E-06,B4Conv
72,1.62E-06,B4Conv
73,1.62E-06,B4Conv
74,1.62E-06,B4Conv
75,1.62E-06,B4Conv
76,1.62E-06,B4Conv
77,1.62E-06,B4Conv
78,1.62E-06,B4Conv
79,1.62E-06,B4Conv
80,1.62E-06,B4Conv
81,1.62E-06,B4Conv
82,1.62E-06,B4Conv
83,1.62E-06,B4Conv
84,1.62E-06,B4Conv
85,1.62E-06,B4Conv
86,1.62E-06,B4Conv
87,1.62E-06,B4Conv
88,1.62E-06,B4Conv
89,1.62E-06,B4Conv
90,1.62E-06,B4Conv
91,1.62E-06,B4Conv
92,1.62E-06,B4Conv
93,1.62E-06,B4Conv
94,1.62E-06,B4Conv
95,1.62E-06,B4Conv
96,1.62E-06,B4Conv
97,1.62E-06,B4Conv
98,1.62E-06,B4Conv
99,1.62E-06,B4Conv
100,1.62E-06,B4Conv
101,1.62E-06,B4Conv
102,1.62E-06,B4Conv
103,1.62E-06,B4Conv
104,1.62E-06,B4Conv
105,1.62E-06,B4Conv
106,1.62E-06,B4Conv
107,1.62E-06,B4Conv
108,1.62E-06,B4Conv
109,1.62E-06,B4Conv
110,1.62E-06,B4Conv
111,1.62E-06,B4Conv
112,1.62E-06,B4Conv
113,1.62E-06,B4Conv
114,1.62E-06,B4Conv
115,1.62E-06,B4Conv
116,1.62E-06,B4Conv
117,1.62E-06,B4Conv
118,1.62E-06,B4Conv
119,1.62E-06,B4Conv
120,1.62E-06,B4Conv
121,1.62E-06,B4Conv
122,1.62E-06,B4Conv
123,1.62E-06,B4Conv
124,1.62E-06,B4Conv
125,1.62E-06,B4Conv
126,1.62E-06,B4Conv
127,1.62E-06,B4Conv
128,1.62E-06,B4Conv
129,1.62E-06,B4Conv
130,1.62E-06,B4Conv
131,1.62E-06,B4Conv
132,1.62E-06,B4Conv
133,1.62E-06,B4Conv
134,1.62E-06,B4Conv
135,1.62E-06,B4Conv
136,1.62E-06,B4Conv
137,1.62E-06,B4Conv
138,1.62E-06,B4Conv
139,1.62E-06,B4Conv
140,1.62E-06,B4Conv
141,1.62E-06,B4Conv
142,1.62E-06,B4Conv
143,1.62E-06,B4Conv
144,1.62E-06,B4Conv
145,1.62E-06,B4Conv
146,1.62E-06,B4Conv
147,1.62E-06,B4Conv
148,1.62E-06,B4Conv
149,1.62E-06,B4Conv
150,1.62E-06,B4Conv
151,1.62E-06,B4Conv
152,1.62E-06,B4Conv
153,1.62E-06,B4Conv
154,1.62E-06,B4Conv
155,1.62E-06,B4Conv
156,1.62E-06,B4Conv
157,1.62E-06,B4Conv
158,1.62E-06,B4Conv
159,1.62E-06,B4Conv
160,1.62E-06,B4Conv
161,1.62E-06,B4Conv
162,1.62E-06,B4Conv
163,1.62E-06,B4Conv
164,1.62E-06,B4Conv
165,1.62E-06,B4Conv
166,1.62E-06,B4Conv
167,1.62E-06,B4Conv
168,1.62E-06,B4Conv
169,1.62E-06,B4Conv
170,1.62E-06,B4Conv
171,1.62E-06,B4Conv
172,1.62E-06,B4Conv
173,1.62E-06,B4Conv
174,1.62E-06,B4Conv
175,1.62E-06,B4Conv
176,1.62E-06,B4Conv
177,1.62E-06,B4Conv
178,1.62E-06,B4Conv
179,1.62E-06,B4Conv
180,1.62E-06,B4Conv
181,1.62E-06,B4Conv
182,1.62E-06,B4Conv
183,1.62E-06,B4Conv
184,1.62E-06,B4Conv
185,1.62E-06,B4Conv
186,1.62E-06,B4Conv
187,1.62E-06,B4Conv
188,1.62E-06,B4Conv
189,1.62E-06,B4Conv
190,1.62E-06,B4Conv
191,1.62E-06,B4Conv
192,1.62E-06,B4Conv
193,1.62E-06,B4Conv
194,1.62E-06,B4Conv
195,1.62E-06,B4Conv
196,1.62E-06,B4Conv
197,1.62E-06,B4Conv
198,1.62E-06,B4Conv
199,1.62E-06,B4Conv
200,1.62E-06,B4Conv
201,1.62E-06,B4Conv
202,1.62E-06,B4Conv
203,1.62E-06,B4Conv
204,1.62E-06,B4Conv
205,1.62E-06,B4Conv
206,1.62E-06,B4Conv
207,1.62E-06,B4Conv
208,1.62E-06,B4Conv
209,1.62E-06,B4Conv
210,1.62E-06,B4Conv
211,1.62E-06,B4Conv
212,1.62E-06,B4Conv
213,1.62E-06,B4Conv
214,1.62E-06,B4Conv
215,1.62E-06,B4Conv
216,1.62E-06,B4Conv
217,1.62E-06,B4Conv
218,1.62E-06,B4Conv
219,1.62E-06,B4Conv
220,1.62E-06,B4Conv
221,1.62E-06,B4Conv
222,1.62E-06,B4Conv
223,1.62E-06,B4Conv
224,1.62E-06,B4Conv
225,1.62E-06,B4Conv
226,1.62E-06,B4Conv
227,1.62E-06,B4Conv
228,1.62E-06,B4Conv
229,1.62E-06,B4Conv
230,1.62E-06,B4Conv
231,1.62E-06,B4Conv
232,1.62E-06,B4Conv
233,1.62E-06,B4Conv
234,1.62E-06,B4Conv
235,1.62E-06,B4Conv
236,1.62E-06,B4Conv
237,1.62E-06,B4Conv
238,1.62E-06,B4Conv
239,1.62E-06,B4Conv
240,1.62E-06,B4Conv
241,1.62E-06,B4Conv
242,1.62E-06,B4Conv
243,1.62E-06,B4Conv
244,1.62E-06,B4Conv
245,1.62E-06,B4Conv
246,1.62E-06,B4Conv
247,1.62E-06,B4Conv
248,1.62E-06,B4Conv
249,1.62E-06,B4Conv
250,1.62E-06,B4Conv
251,1.62E-06,B4Conv
252,1.62E-06,B4Conv
253,1.62E-06,B4Conv
254,1.62E-06,B4Conv
255,1.62E-06,B4Conv
256,1.62E-06,B4Conv
257,1.62E-06,B4Conv
258,1.62E-06,B4Conv
259,1.62E-06,B4Conv
260,1.62E-06,B4Conv
261,1.62E-06,B4Conv
262,1.62E-06,B4Conv
263,1.62E-06,B4Conv
264,1.62E-06,B4Conv
265,1.62E-06,B4Conv
266,1.62E-06,B4Conv
267,1.62E-06,B4Conv
268,1.62E-06,B4Conv
269,1.62E-06,B4Conv
270,1.62E-06,B4Conv
271,1.62E-06,B4Conv
272,1.62E-06,B4Conv
273,1.62E-06,B4Conv
274,1.62E-06,B4Conv
275,1.62E-06,B4Conv
276,1.62E-06,B4Conv
277,1.62E-06,B4Conv
278,1.62E-06,B4Conv
279,1.62E-06,B4Conv
280,1.62E-06,B4Conv
281,1.62E-06,B4Conv
282,1.62E-06,B4Conv
283,1.62E-06,B4Conv
284,1.62E-06,B4Conv
285,1.62E-06,B4Conv
286,1.62E-06,B4Conv
287,1.62E-06,B4Conv
288,1.62E-06,B4Conv
289,1.62E-06,B4Conv
290,1.62E-06,B4Conv
291,1.62E-06,B4Conv
292,1.62E-06,B4Conv
293,1.62E-06,B4Conv
294,1.62E-06,B4Conv
295,1.62E-06,B4Conv
296,1.62E-06,B4Conv
297,1.62E-06,B4Conv
298,1.62E-06,B4Conv
299,1.62E-06,B4Conv
300,1.62E-06,B4Conv
16,12.5363459,B5Conv
17,6.935777015,B5Conv
18,3.84E+00,B5Conv
19,2.12E+00,B5Conv
20,1.17E+00,B5Conv
21,6.50E-01,B5Conv
22,3.60E-01,B5Conv
23,1.99E-01,B5Conv
24,1.10E-01,B5Conv
25,6.09E-02,B5Conv
26,3.37E-02,B5Conv
27,1.86E-02,B5Conv
28,1.03E-02,B5Conv
29,5.70E-03,B5Conv
30,3.16E-03,B5Conv
31,1.75E-03,B5Conv
32,9.66E-04,B5Conv
33,5.34E-04,B5Conv
34,2.96E-04,B5Conv
35,1.64E-04,B5Conv
36,9.05E-05,B5Conv
37,5.01E-05,B5Conv
38,2.77E-05,B5Conv
39,1.53E-05,B5Conv
40,8.48E-06,B5Conv
41,4.69E-06,B5Conv
42,2.60E-06,B5Conv
43,1.44E-06,B5Conv
44,7.96E-07,B5Conv
45,4.41E-07,B5Conv
46,2.45E-07,B5Conv
47,1.36E-07,B5Conv
48,7.63E-08,B5Conv
49,4.30E-08,B5Conv
50,2.47E-08,B5Conv
51,1.45E-08,B5Conv
52,8.84E-09,B5Conv
53,5.73E-09,B5Conv
54,4.00E-09,B5Conv
55,3.05E-09,B5Conv
56,2.52E-09,B5Conv
57,2.23E-09,B5Conv
58,2.07E-09,B5Conv
59,1.98E-09,B5Conv
60,1.93E-09,B5Conv
61,1.90E-09,B5Conv
62,1.89E-09,B5Conv
63,1.88E-09,B5Conv
64,1.88E-09,B5Conv
65,1.87E-09,B5Conv
66,1.87E-09,B5Conv
67,1.87E-09,B5Conv
68,1.87E-09,B5Conv
69,1.87E-09,B5Conv
70,1.87E-09,B5Conv
71,1.87E-09,B5Conv
72,1.87E-09,B5Conv
73,1.87E-09,B5Conv
74,1.87E-09,B5Conv
75,1.87E-09,B5Conv
76,1.87E-09,B5Conv
77,1.87E-09,B5Conv
78,1.87E-09,B5Conv
79,1.87E-09,B5Conv
80,1.87E-09,B5Conv
81,1.87E-09,B5Conv
82,1.87E-09,B5Conv
83,1.87E-09,B5Conv
84,1.87E-09,B5Conv
85,1.87E-09,B5Conv
86,1.87E-09,B5Conv
87,1.87E-09,B5Conv
88,1.87E-09,B5Conv
89,1.87E-09,B5Conv
90,1.87E-09,B5Conv
91,1.87E-09,B5Conv
92,1.87E-09,B5Conv
93,1.87E-09,B5Conv
94,1.87E-09,B5Conv
95,1.87E-09,B5Conv
96,1.87E-09,B5Conv
97,1.87E-09,B5Conv
98,1.87E-09,B5Conv
99,1.87E-09,B5Conv
100,1.87E-09,B5Conv
101,1.87E-09,B5Conv
102,1.87E-09,B5Conv
103,1.87E-09,B5Conv
104,1.87E-09,B5Conv
105,1.87E-09,B5Conv
106,1.87E-09,B5Conv
107,1.87E-09,B5Conv
108,1.87E-09,B5Conv
109,1.87E-09,B5Conv
110,1.87E-09,B5Conv
111,1.87E-09,B5Conv
112,1.87E-09,B5Conv
113,1.87E-09,B5Conv
114,1.87E-09,B5Conv
115,1.87E-09,B5Conv
116,1.87E-09,B5Conv
117,1.87E-09,B5Conv
118,1.87E-09,B5Conv
119,1.87E-09,B5Conv
120,1.87E-09,B5Conv
121,1.87E-09,B5Conv
122,1.87E-09,B5Conv
123,1.87E-09,B5Conv
124,1.87E-09,B5Conv
125,1.87E-09,B5Conv
126,1.87E-09,B5Conv
127,1.87E-09,B5Conv
128,1.87E-09,B5Conv
129,1.87E-09,B5Conv
130,1.87E-09,B5Conv
131,1.87E-09,B5Conv
132,1.87E-09,B5Conv
133,1.87E-09,B5Conv
134,1.87E-09,B5Conv
135,1.87E-09,B5Conv
136,1.87E-09,B5Conv
137,1.87E-09,B5Conv
138,1.87E-09,B5Conv
139,1.87E-09,B5Conv
140,1.87E-09,B5Conv
141,1.87E-09,B5Conv
142,1.87E-09,B5Conv
143,1.87E-09,B5Conv
144,1.87E-09,B5Conv
145,1.87E-09,B5Conv
146,1.87E-09,B5Conv
147,1.87E-09,B5Conv
148,1.87E-09,B5Conv
149,1.87E-09,B5Conv
150,1.87E-09,B5Conv
151,1.87E-09,B5Conv
152,1.87E-09,B5Conv
153,1.87E-09,B5Conv
154,1.87E-09,B5Conv
155,1.87E-09,B5Conv
156,1.87E-09,B5Conv
157,1.87E-09,B5Conv
158,1.87E-09,B5Conv
159,1.87E-09,B5Conv
160,1.87E-09,B5Conv
161,1.87E-09,B5Conv
162,1.87E-09,B5Conv
163,1.87E-09,B5Conv
164,1.87E-09,B5Conv
165,1.87E-09,B5Conv
166,1.87E-09,B5Conv
167,1.87E-09,B5Conv
168,1.87E-09,B5Conv
169,1.87E-09,B5Conv
170,1.87E-09,B5Conv
171,1.87E-09,B5Conv
172,1.87E-09,B5Conv
173,1.87E-09,B5Conv
174,1.87E-09,B5Conv
175,1.87E-09,B5Conv
176,1.87E-09,B5Conv
177,1.87E-09,B5Conv
178,1.87E-09,B5Conv
179,1.87E-09,B5Conv
180,1.87E-09,B5Conv
181,1.87E-09,B5Conv
182,1.87E-09,B5Conv
183,1.87E-09,B5Conv
184,1.87E-09,B5Conv
185,1.87E-09,B5Conv
186,1.87E-09,B5Conv
187,1.87E-09,B5Conv
188,1.87E-09,B5Conv
189,1.87E-09,B5Conv
190,1.87E-09,B5Conv
191,1.87E-09,B5Conv
192,1.87E-09,B5Conv
193,1.87E-09,B5Conv
194,1.87E-09,B5Conv
195,1.87E-09,B5Conv
196,1.87E-09,B5Conv
197,1.87E-09,B5Conv
198,1.87E-09,B5Conv
199,1.87E-09,B5Conv
200,1.87E-09,B5Conv
201,1.87E-09,B5Conv
202,1.87E-09,B5Conv
203,1.87E-09,B5Conv
204,1.87E-09,B5Conv
205,1.87E-09,B5Conv
206,1.87E-09,B5Conv
207,1.87E-09,B5Conv
208,1.87E-09,B5Conv
209,1.87E-09,B5Conv
210,1.87E-09,B5Conv
211,1.87E-09,B5Conv
212,1.87E-09,B5Conv
213,1.87E-09,B5Conv
214,1.87E-09,B5Conv
215,1.87E-09,B5Conv
216,1.87E-09,B5Conv
217,1.87E-09,B5Conv
218,1.87E-09,B5Conv
219,1.87E-09,B5Conv
220,1.87E-09,B5Conv
221,1.87E-09,B5Conv
222,1.87E-09,B5Conv
223,1.87E-09,B5Conv
224,1.87E-09,B5Conv
225,1.87E-09,B5Conv
226,1.87E-09,B5Conv
227,1.87E-09,B5Conv
228,1.87E-09,B5Conv
229,1.87E-09,B5Conv
230,1.87E-09,B5Conv
231,1.87E-09,B5Conv
232,1.87E-09,B5Conv
233,1.87E-09,B5Conv
234,1.87E-09,B5Conv
235,1.87E-09,B5Conv
236,1.87E-09,B5Conv
237,1.87E-09,B5Conv
238,1.87E-09,B5Conv
239,1.87E-09,B5Conv
240,1.87E-09,B5Conv
241,1.87E-09,B5Conv
242,1.87E-09,B5Conv
243,1.87E-09,B5Conv
244,1.87E-09,B5Conv
245,1.87E-09,B5Conv
246,1.87E-09,B5Conv
247,1.87E-09,B5Conv
248,1.87E-09,B5Conv
249,1.87E-09,B5Conv
250,1.87E-09,B5Conv
251,1.87E-09,B5Conv
252,1.87E-09,B5Conv
253,1.87E-09,B5Conv
254,1.87E-09,B5Conv
255,1.87E-09,B5Conv
256,1.87E-09,B5Conv
257,1.87E-09,B5Conv
258,1.87E-09,B5Conv
259,1.87E-09,B5Conv
260,1.87E-09,B5Conv
261,1.87E-09,B5Conv
262,1.87E-09,B5Conv
263,1.87E-09,B5Conv
264,1.87E-09,B5Conv
265,1.87E-09,B5Conv
266,1.87E-09,B5Conv
267,1.87E-09,B5Conv
268,1.87E-09,B5Conv
269,1.87E-09,B5Conv
270,1.87E-09,B5Conv
271,1.87E-09,B5Conv
272,1.87E-09,B5Conv
273,1.87E-09,B5Conv
274,1.87E-09,B5Conv
275,1.87E-09,B5Conv
276,1.87E-09,B5Conv
277,1.87E-09,B5Conv
278,1.87E-09,B5Conv
279,1.87E-09,B5Conv
280,1.87E-09,B5Conv
281,1.87E-09,B5Conv
282,1.87E-09,B5Conv
283,1.87E-09,B5Conv
284,1.87E-09,B5Conv
285,1.87E-09,B5Conv
286,1.87E-09,B5Conv
287,1.87E-09,B5Conv
288,1.87E-09,B5Conv
289,1.87E-09,B5Conv
290,1.87E-09,B5Conv
291,1.87E-09,B5Conv
292,1.87E-09,B5Conv
293,1.87E-09,B5Conv
294,1.87E-09,B5Conv
295,1.87E-09,B5Conv
296,1.87E-09,B5Conv
297,1.87E-09,B5Conv
298,1.87E-09,B5Conv
299,1.87E-09,B5Conv
300,1.87E-09,B5Conv
